window,subject,status,hits,count,rate
30,current,OOS,0,1,0.03333333333333333
30,current,OOS,1,6,0.2
30,current,OOS,2,14,0.4666666666666667
30,current,OOS,3,8,0.26666666666666666
30,current,OOS,4,1,0.03333333333333333
30,current,OOS,5,0,0.0
30,baseline,OOS,0,0,0.0
30,baseline,OOS,1,7,0.23333333333333334
30,baseline,OOS,2,17,0.5666666666666667
30,baseline,OOS,3,4,0.13333333333333333
30,baseline,OOS,4,2,0.06666666666666667
30,baseline,OOS,5,0,0.0
30,candidate_a,OOS,0,0,0.0
30,candidate_a,OOS,1,6,0.2
30,candidate_a,OOS,2,14,0.4666666666666667
30,candidate_a,OOS,3,6,0.2
30,candidate_a,OOS,4,4,0.13333333333333333
30,candidate_a,OOS,5,0,0.0
30,candidate_c,RESEARCH_PROTOTYPE,0,0,0.0
30,candidate_c,RESEARCH_PROTOTYPE,1,7,0.23333333333333334
30,candidate_c,RESEARCH_PROTOTYPE,2,17,0.5666666666666667
30,candidate_c,RESEARCH_PROTOTYPE,3,4,0.13333333333333333
30,candidate_c,RESEARCH_PROTOTYPE,4,2,0.06666666666666667
30,candidate_c,RESEARCH_PROTOTYPE,5,0,0.0
60,current,OOS,0,3,0.05
60,current,OOS,1,11,0.18333333333333332
60,current,OOS,2,27,0.45
60,current,OOS,3,16,0.26666666666666666
60,current,OOS,4,3,0.05
60,current,OOS,5,0,0.0
60,baseline,OOS,0,2,0.03333333333333333
60,baseline,OOS,1,15,0.25
60,baseline,OOS,2,30,0.5
60,baseline,OOS,3,9,0.15
60,baseline,OOS,4,4,0.06666666666666667
60,baseline,OOS,5,0,0.0
60,candidate_a,OOS,0,1,0.016666666666666666
60,candidate_a,OOS,1,14,0.23333333333333334
60,candidate_a,OOS,2,27,0.45
60,candidate_a,OOS,3,13,0.21666666666666667
60,candidate_a,OOS,4,5,0.08333333333333333
60,candidate_a,OOS,5,0,0.0
60,candidate_c,RESEARCH_PROTOTYPE,0,2,0.03333333333333333
60,candidate_c,RESEARCH_PROTOTYPE,1,15,0.25
60,candidate_c,RESEARCH_PROTOTYPE,2,30,0.5
60,candidate_c,RESEARCH_PROTOTYPE,3,9,0.15
60,candidate_c,RESEARCH_PROTOTYPE,4,4,0.06666666666666667
60,candidate_c,RESEARCH_PROTOTYPE,5,0,0.0
90,current,OOS,0,6,0.06666666666666667
90,current,OOS,1,18,0.2
90,current,OOS,2,40,0.4444444444444444
90,current,OOS,3,23,0.25555555555555554
90,current,OOS,4,3,0.03333333333333333
90,current,OOS,5,0,0.0
90,baseline,OOS,0,4,0.044444444444444446
90,baseline,OOS,1,23,0.25555555555555554
90,baseline,OOS,2,38,0.4222222222222222
90,baseline,OOS,3,19,0.2111111111111111
90,baseline,OOS,4,6,0.06666666666666667
90,baseline,OOS,5,0,0.0
90,candidate_a,OOS,0,4,0.044444444444444446
90,candidate_a,OOS,1,21,0.23333333333333334
90,candidate_a,OOS,2,35,0.3888888888888889
90,candidate_a,OOS,3,25,0.2777777777777778
90,candidate_a,OOS,4,5,0.05555555555555555
90,candidate_a,OOS,5,0,0.0
90,candidate_c,RESEARCH_PROTOTYPE,0,4,0.044444444444444446
90,candidate_c,RESEARCH_PROTOTYPE,1,23,0.25555555555555554
90,candidate_c,RESEARCH_PROTOTYPE,2,40,0.4444444444444444
90,candidate_c,RESEARCH_PROTOTYPE,3,16,0.17777777777777778
90,candidate_c,RESEARCH_PROTOTYPE,4,7,0.07777777777777778
90,candidate_c,RESEARCH_PROTOTYPE,5,0,0.0
180,current,OOS,0,16,0.08888888888888889
180,current,OOS,1,45,0.25
180,current,OOS,2,71,0.39444444444444443
180,current,OOS,3,38,0.2111111111111111
180,current,OOS,4,10,0.05555555555555555
180,current,OOS,5,0,0.0
180,baseline,OOS,0,13,0.07222222222222222
180,baseline,OOS,1,43,0.2388888888888889
180,baseline,OOS,2,67,0.37222222222222223
180,baseline,OOS,3,46,0.25555555555555554
180,baseline,OOS,4,10,0.05555555555555555
180,baseline,OOS,5,1,0.005555555555555556
180,candidate_a,OOS,0,15,0.08333333333333333
180,candidate_a,OOS,1,47,0.2611111111111111
180,candidate_a,OOS,2,65,0.3611111111111111
180,candidate_a,OOS,3,43,0.2388888888888889
180,candidate_a,OOS,4,10,0.05555555555555555
180,candidate_a,OOS,5,0,0.0
180,candidate_c,RESEARCH_PROTOTYPE,0,11,0.06111111111111111
180,candidate_c,RESEARCH_PROTOTYPE,1,45,0.25
180,candidate_c,RESEARCH_PROTOTYPE,2,69,0.38333333333333336
180,candidate_c,RESEARCH_PROTOTYPE,3,44,0.24444444444444444
180,candidate_c,RESEARCH_PROTOTYPE,4,10,0.05555555555555555
180,candidate_c,RESEARCH_PROTOTYPE,5,1,0.005555555555555556
365,current,OOS,0,31,0.08493150684931507
365,current,OOS,1,88,0.2410958904109589
365,current,OOS,2,143,0.3917808219178082
365,current,OOS,3,79,0.21643835616438356
365,current,OOS,4,23,0.06301369863013699
365,current,OOS,5,1,0.0027397260273972603
365,baseline,OOS,0,23,0.06301369863013699
365,baseline,OOS,1,97,0.26575342465753427
365,baseline,OOS,2,130,0.3561643835616438
365,baseline,OOS,3,92,0.25205479452054796
365,baseline,OOS,4,19,0.052054794520547946
365,baseline,OOS,5,4,0.010958904109589041
365,candidate_a,OOS,0,30,0.0821917808219178
365,candidate_a,OOS,1,85,0.2328767123287671
365,candidate_a,OOS,2,145,0.3972602739726027
365,candidate_a,OOS,3,79,0.21643835616438356
365,candidate_a,OOS,4,23,0.06301369863013699
365,candidate_a,OOS,5,3,0.00821917808219178
700,current,OOS,0,48,0.06857142857142857
700,current,OOS,1,204,0.2914285714285714
700,current,OOS,2,249,0.3557142857142857
700,current,OOS,3,161,0.23
700,current,OOS,4,35,0.05
700,current,OOS,5,3,0.004285714285714286
700,baseline,OOS,0,39,0.055714285714285716
700,baseline,OOS,1,191,0.27285714285714285
700,baseline,OOS,2,258,0.36857142857142855
700,baseline,OOS,3,171,0.24428571428571427
700,baseline,OOS,4,34,0.04857142857142857
700,baseline,OOS,5,7,0.01
700,candidate_a,OOS,0,52,0.07428571428571429
700,candidate_a,OOS,1,175,0.25
700,candidate_a,OOS,2,271,0.3871428571428571
700,candidate_a,OOS,3,161,0.23
700,candidate_a,OOS,4,38,0.054285714285714284
700,candidate_a,OOS,5,3,0.004285714285714286
theory,random,THEORETICAL,0,,0.07382281066491593
theory,random,THEORETICAL,1,,0.27683553999343474
theory,random,THEORETICAL,2,,0.36911405332457964
theory,random,THEORETICAL,3,,0.21811284969179706
theory,random,THEORETICAL,4,,0.05689900426742532
theory,random,THEORETICAL,5,,0.005215742057847321
